,precision,recall,f1-score,support
Setosa,1.0,1.0,1.0,7.0
Versicolor,0.8461538461538461,0.9166666666666666,0.88,12.0
Virginica,0.9,0.8181818181818182,0.8571428571428571,11.0
accuracy,0.9,0.9,0.9,0.9
macro avg,0.9153846153846154,0.9116161616161617,0.9123809523809524,30.0
weighted avg,0.9017948717948717,0.9,0.8996190476190478,30.0
